<?xml version="1.0" encoding="UTF-8"?><?xml-stylesheet  href="../../theme/xsl/index2html.xslt" type="text/xsl"?><topics title="Web" compressed="true" FeatureID="-1"><topicref FeatureID="-1" href="OSS_HLP_BM_ADDBM.html" navtitle="Add bookmarks"/><topicref FeatureID="true_167" href="OSS_HLP_RSS_ADD.html" navtitle="Add web feeds"/><topicref FeatureID="-1" href="OSS_HLP_BM_MAIN.html" navtitle="Browse bookmarks"/><topicref FeatureID="-1" href="OSS_HLP_PAGEVIEW.html" navtitle="Browse the web"/><topicref FeatureID="-1" href="OSS_HLP_BM_EDIT.html" navtitle="Edit bookmarks"/><topicref FeatureID="true_167" href="OSS_HLP_RSS_EDIT.html" navtitle="Edit web feeds"/><topicref FeatureID="-1" href="OSS_HLP_SETTINGS_GENERAL.html" navtitle="General settings"/><topicref FeatureID="-1" href="OSS_HLP_SETTINGS_PAGE.html" navtitle="Page settings"/><topicref FeatureID="-1" href="OSS_HLP_SETTINGS_PRIVACY.html" navtitle="Privacy settings"/><topicref FeatureID="true_167" href="OSS_HLP_RSS_ARTICLE.html" navtitle="Web feed articles"/><topicref FeatureID="true_167" href="OSS_HLP_SETTINGS_RSS.html" navtitle="Web feed settings"/><topicref FeatureID="true_167" href="OSS_HLP_RSS_ARTICLELST.html" navtitle="Web feeds"/><topicref FeatureID="-1" href="OSS_HLP_PAGEVIEW_EMBED.html" navtitle="Web in applications"/><topicref FeatureID="-1" href="OSS_HLP_SETTINGS_FOLDERS.html" navtitle="Web settings"/><topicref FeatureID="true_167" href="OSS_HLP_RSS_MAIN.html" navtitle="Web feeds and blogs"/></topics>