<?xml version="1.0" encoding="UTF-8"?><keywords><keywords><text FeatureID="-1">service message settings</text><target FeatureID="-1" href="WPUSH_HLP_SETTINGS.html">Service message settings</target></keywords><keywords><text FeatureID="-1">push messages</text><target FeatureID="-1" href="WPUSH_HLP_VIEWER.html">View service messages</target></keywords><keywords><text FeatureID="-1">service messages</text><target FeatureID="-1" href="WPUSH_HLP_VIEWER.html">View service messages</target></keywords></keywords>